[
    {
        "id": "1001",
        "name": "Tennessee Aquarium"
    },
    {
        "id": "1002",
        "name": "Georgia Aquarium"
    },
    {
        "id": "1006",
        "name": "Lisbon Aquarium"
    },
    {
        "id": "1007",
        "name": "Disney World"
    },
    {
        "id": "1008",
        "name": "Monterey Bay Aquarium"
    },
    {
        "id": "1009",
        "name": "Shedd Aquarium"
    },
    {
        "id": "1010",
        "name": "Oregon Coast Aquarium"
    }
]