{
    "id": "1002",
    "name": "Georgia Aquarium",
    "parent_customer_id": "",
    "children": [],
    "licence_type": "",
    "industry": "Aquarium",
    "category": "Live",
    "logo": "",
    "status": "Active",
    "sources": [
        {
            "id": "",
            "name": "",
            "source_type": "",
            "url": "",
            "coverage": {
                "from": "",
                "upto": ""
            },
            "credentials": {
                "key": "",
                "secret": "",
                "access_token": "",
                "access_token_secret": ""
            }
        }
    ],
    "users": [
        {
            "id": "",
            "name": "nithyarani.m",
            "email": "nithyarani.m@smnetserv.com",
            "first_name": "Nithya",
            "last_name": "Rani",
            "display_name": "Nithya Rani",
            "auth_type": "FORM",
            "roles": [],
            "enabled_reports": [],
            "enabled_operations": [],
            "api_access_token": "",
            "status": "Active"
        }
    ],
    "competitors": [],
    "rules": [],
    "dimensions": [],
    "alert_rules": [],
    "subscriptions": [],
    "surveys": []
}